{
  "epoch": 0,
  "global_step": 14786,
  "val_loss": 2.728971227758019,
  "val_ppl": 15.31712108252158
}